team,player,value
Francia,Kylian Mbappé,180.0
Francia,Michael Olise,150.0
Francia,Désiré Doué,120.0
Francia,William Saliba,100.0
Francia,Ousmane Dembélé,100.0
Francia,Rayan Cherki,90.0
Francia,Warren Zaïre-Emery,80.0
Francia,Dayot Upamecano,70.0
Francia,Aurélien Tchouaméni,70.0
Francia,Bradley Barcola,70.0
Francia,Jules Koundé,60.0
Francia,Maxence Lacroix,50.0
Francia,Manu Koné,50.0
Francia,Maghnes Akliouche,50.0
Francia,Marcus Thuram,50.0
Francia,Ibrahima Konaté,45.0
Francia,Malo Gusto,35.0
Francia,Robin Risser,30.0
Francia,Jean-Philippe Mateta,30.0
Francia,Mike Maignan,20.0
Francia,Theo Hernández,20.0
Francia,Lucas Hernández,18.0
Francia,Adrien Rabiot,18.0
Francia,Brice Samba,7.0
Francia,Lucas Digne,6.0
Francia,N'Golo Kanté,4.0
Inglaterra,Jude Bellingham,130.0
Inglaterra,Declan Rice,120.0
Inglaterra,Bukayo Saka,110.0
Inglaterra,Morgan Rogers,90.0
Inglaterra,Elliot Anderson,75.0
Inglaterra,Marc Guéhi,70.0
Inglaterra,Nico O'Reilly,70.0
Inglaterra,Kobbie Mainoo,70.0
Inglaterra,Eberechi Eze,65.0
Inglaterra,Anthony Gordon,65.0
Inglaterra,Reece James,60.0
Inglaterra,Harry Kane,60.0
Inglaterra,Noni Madueke,50.0
Inglaterra,Jarell Quansah,45.0
Inglaterra,Tino Livramento,45.0
Inglaterra,Ezri Konsa,40.0
Inglaterra,Marcus Rashford,40.0
Inglaterra,Djed Spence,30.0
Inglaterra,Dean Henderson,28.0
Inglaterra,James Trafford,25.0
Inglaterra,Ollie Watkins,25.0
Inglaterra,Ivan Toney,20.0
Inglaterra,Jordan Pickford,13.0
Inglaterra,John Stones,12.0
Inglaterra,Dan Burn,4.0
Inglaterra,Jordan Henderson,1.2
España,Lamine Yamal,200.0
España,Pedri,150.0
España,Pau Cubarsí,80.0
España,Martín Zubimendi,75.0
España,Dani Olmo,60.0
España,Marc Cucurella,50.0
España,Rodri,50.0
España,Ferran Torres,50.0
España,Joan García,45.0
España,Eric García,40.0
España,Álex Baena,40.0
España,Nico Williams,40.0
España,Marc Pubill,35.0
España,Pedro Porro,35.0
España,David Raya,30.0
España,Fabián Ruiz,30.0
España,Gavi,30.0
España,Víctor Muñoz,30.0
España,Yéremy Pino,30.0
España,Mikel Merino,25.0
España,Mikel Oyarzabal,25.0
España,Unai Simón,22.0
España,Alejandro Grimaldo,20.0
España,Marcos Llorente,20.0
España,Aymeric Laporte,8.0
España,Borja Iglesias,2.8
Portugal,Vitinha,140.0
Portugal,João Neves,140.0
Portugal,Nuno Mendes,80.0
Portugal,Pedro Neto,60.0
Portugal,Rúben Dias,55.0
Portugal,Matheus Nunes,50.0
Portugal,Rafael Leão,50.0
Portugal,Diogo Costa,40.0
Portugal,Gonçalo Inácio,40.0
Portugal,Francisco Trincão,40.0
Portugal,Bruno Fernandes,35.0
Portugal,Tomás Araújo,30.0
Portugal,Diogo Dalot,30.0
Portugal,Francisco Conceição,30.0
Portugal,Gonçalo Ramos,30.0
Portugal,João Félix,28.0
Portugal,Renato Veiga,25.0
Portugal,Rúben Neves,25.0
Portugal,Bernardo Silva,22.0
Portugal,Samú Costa,15.0
Portugal,Cristiano Ronaldo,10.0
Portugal,João Cancelo,8.0
Portugal,Rui Silva,7.0
Portugal,Nélson Semedo,6.0
Portugal,Gonçalo Guedes,6.0
Portugal,José Sá,3.5
Alemania,Jamal Musiala,100.0
Alemania,Florian Wirtz,100.0
Alemania,Aleksandar Pavlovic,90.0
Alemania,Nico Schlotterbeck,55.0
Alemania,Kai Havertz,55.0
Alemania,Nick Woltemade,55.0
Alemania,Felix Nmecha,50.0
Alemania,Malick Thiaw,45.0
Alemania,Angelo Stiller,45.0
Alemania,Nathaniel Brown,40.0
Alemania,Jamie Leweling,40.0
Alemania,Maximilian Beier,40.0
Alemania,Joshua Kimmich,35.0
Alemania,Jonathan Tah,28.0
Alemania,Assan Ouédraogo,28.0
Alemania,David Raum,25.0
Alemania,Deniz Undav,22.0
Alemania,Leroy Sané,20.0
Alemania,Waldemar Anton,18.0
Alemania,Nadiem Amiri,17.0
Alemania,Alexander Nübel,12.0
Alemania,Leon Goretzka,12.0
Alemania,Antonio Rüdiger,6.0
Alemania,Manuel Neuer,4.0
Alemania,Oliver Baumann,2.5
Alemania,Pascal Groß,2.5
Brasil,Vinicius Junior,140.0
Brasil,Gabriel,75.0
Brasil,Matheus Cunha,75.0
Brasil,Bruno Guimarães,70.0
Brasil,Raphinha,70.0
Brasil,Igor Thiago,65.0
Brasil,Rayan,60.0
Brasil,Éderson,45.0
Brasil,Gabriel Martinelli,45.0
Brasil,Endrick,40.0
Brasil,Bremer,35.0
Brasil,Lucas Paquetá,32.0
Brasil,Marquinhos,28.0
Brasil,Luiz Henrique,24.0
Brasil,Roger Ibañez,18.0
Brasil,Alisson,15.0
Brasil,Léo Pereira,12.0
Brasil,Fabinho,12.0
Brasil,Ederson,10.0
Brasil,Neymar,8.0
Brasil,Douglas Santos,7.5
Brasil,Casemiro,6.0
Brasil,Danilo,2.0
Brasil,Alex Sandro,1.0
Brasil,Weverton,0.7
Brasil,Internacional_1,0.2
Argentina,Julián Alvarez,100.0
Argentina,Enzo Fernández,90.0
Argentina,Lautaro Martínez,85.0
Argentina,Nico Paz,80.0
Argentina,Alexis Mac Allister,70.0
Argentina,Cristian Romero,45.0
Argentina,Lisandro Martínez,40.0
Argentina,Valentín Barco,40.0
Argentina,Giuliano Simeone,40.0
Argentina,Marcos Senesi,25.0
Argentina,Exequiel Palacios,25.0
Argentina,José Manuel López,25.0
Argentina,Nico González,22.0
Argentina,Facundo Medina,18.0
Argentina,Nahuel Molina,15.0
Argentina,Thiago Almada,15.0
Argentina,Lionel Messi,15.0
Argentina,Rodrigo De Paul,14.0
Argentina,Emiliano Martínez,12.0
Argentina,Giovani Lo Celso,8.0
Argentina,Gerónimo Rulli,6.0
Argentina,Leandro Paredes,5.0
Argentina,Gonzalo Montiel,4.5
Argentina,Nicolás Tagliafico,4.0
Argentina,Juan Musso,3.0
Argentina,Nicolás Otamendi,1.0
Países Bajos,Ryan Gravenberch,80.0
Países Bajos,Cody Gakpo,60.0
Países Bajos,Micky van de Ven,50.0
Países Bajos,Tijjani Reijnders,50.0
Países Bajos,Jan Paul van Hecke,45.0
Países Bajos,Donyell Malen,45.0
Países Bajos,Bart Verbruggen,40.0
Países Bajos,Jorrel Hato,40.0
Países Bajos,Frenkie de Jong,35.0
Países Bajos,Crysencio Summerville,35.0
Países Bajos,Brian Brobbey,30.0
Países Bajos,Robin Roefs,28.0
Países Bajos,Mats Wieffer,25.0
Países Bajos,Denzel Dumfries,25.0
Países Bajos,Quinten Timber,25.0
Países Bajos,Justin Kluivert,25.0
Países Bajos,Noa Lang,22.0
Países Bajos,Lutsharel Geertruida,20.0
Países Bajos,Virgil van Dijk,15.0
Países Bajos,Guus Til,15.0
Países Bajos,Teun Koopmeiners,14.0
Países Bajos,Nathan Aké,12.0
Países Bajos,Memphis Depay,7.0
Países Bajos,Mark Flekken,6.0
Países Bajos,Marten de Roon,3.2
Países Bajos,Wout Weghorst,2.0
Noruega,Erling Haaland,200.0
Noruega,Martin Ødegaard,65.0
Noruega,Jørgen Strand Larsen,40.0
Noruega,Antonio Nusa,32.0
Noruega,Andreas Schjelderup,30.0
Noruega,Oscar Bobb,28.0
Noruega,Julian Ryerson,25.0
Noruega,Sander Berge,25.0
Noruega,Kristoffer Ajer,18.0
Noruega,Alexander Sørloth,18.0
Noruega,Fredrik Aursnes,15.0
Noruega,Leo Østigård,13.0
Noruega,Torbjørn Heggem,13.0
Noruega,Kristian Thorstvedt,12.0
Noruega,Jens Petter Hauge,12.0
Noruega,David Møller Wolfe,8.0
Noruega,Patrick Berg,8.0
Noruega,Henrik Falchener,6.0
Noruega,Sondre Langås,4.0
Noruega,Fredrik Bjørkan,3.5
Noruega,Marcus Pedersen,3.5
Noruega,Sander Tangvik,3.0
Noruega,Morten Thorsby,2.8
Noruega,Thelo Aasgaard,2.8
Noruega,Egil Selvik,1.5
Noruega,Ørjan Nyland,0.8
Bélgica,Jérémy Doku,75.0
Bélgica,Amadou Onana,45.0
Bélgica,Senne Lammens,35.0
Bélgica,Matias Fernandez-Pardo,35.0
Bélgica,Youri Tielemans,30.0
Bélgica,Charles De Ketelaere,30.0
Bélgica,Zeno Debast,28.0
Bélgica,Mike Penders,25.0
Bélgica,Nathan Ngoy,25.0
Bélgica,Diego Moreira,25.0
Bélgica,Koni De Winter,23.0
Bélgica,Maxim De Cuyper,22.0
Bélgica,Joaquin Seys,20.0
Bélgica,Alexis Saelemaekers,20.0
Bélgica,Leandro Trossard,18.0
Bélgica,Arthur Theate,17.0
Bélgica,Thibaut Courtois,15.0
Bélgica,Dodi Lukébakio,15.0
Bélgica,Nicolas Raskin,12.0
Bélgica,Timothy Castagne,8.0
Bélgica,Kevin De Bruyne,8.0
Bélgica,Romelu Lukaku,6.0
Bélgica,Hans Vanaken,5.0
Bélgica,Brandon Mechele,2.8
Bélgica,Thomas Meunier,1.5
Bélgica,Axel Witsel,1.2
Costa de Marfil,Yan Diomande,90.0
Costa de Marfil,Amad Diallo,45.0
Costa de Marfil,Ousmane Diomande,42.0
Costa de Marfil,Bazoumana Touré,40.0
Costa de Marfil,Evan Ndicka,35.0
Costa de Marfil,Ange-Yoan Bonny,35.0
Costa de Marfil,Evann Guessand,25.0
Costa de Marfil,Wilfried Singo,23.0
Costa de Marfil,Christ Inao Oulaï,23.0
Costa de Marfil,Simon Adingra,22.0
Costa de Marfil,Guéla Doué,20.0
Costa de Marfil,Ibrahim Sangaré,20.0
Costa de Marfil,Elye Wahi,18.0
Costa de Marfil,Emmanuel Agbadou,16.0
Costa de Marfil,Odilon Kossounou,15.0
Costa de Marfil,Franck Kessié,12.0
Costa de Marfil,Seko Fofana,8.0
Costa de Marfil,Nicolas Pépé,6.0
Costa de Marfil,Yahia Fofana,5.0
Costa de Marfil,Parfait Guiagon,5.0
Costa de Marfil,Oumar Diakité,5.0
Costa de Marfil,Christopher Operi,4.0
Costa de Marfil,Alban Lafont,3.0
Costa de Marfil,Ghislain Konan,3.0
Costa de Marfil,Mohamed Koné,2.0
Costa de Marfil,Jean Michaël Seri,0.1
Senegal,Iliman Ndiaye,55.0
Senegal,Lamine Camara,40.0
Senegal,Pape Gueye,40.0
Senegal,Ismaïla Sarr,40.0
Senegal,Nicolas Jackson,40.0
Senegal,Habib Diarra,35.0
Senegal,Pape Matar Sarr,30.0
Senegal,Assane Diao,30.0
Senegal,Ibrahim Mbaye,30.0
Senegal,El Hadji Malick Diouf,28.0
Senegal,Mamadou Sarr,22.0
Senegal,Moussa Niakhaté,15.0
Senegal,Bamba Dieng,15.0
Senegal,Antoine Mendy,10.0
Senegal,Ismail Jakobs,8.0
Senegal,Yehvann Diouf,7.0
Senegal,Krépin Diatta,6.0
Senegal,Sadio Mané,6.0
Senegal,Cherif Ndiaye,5.0
Senegal,Kalidou Koulibaly,4.5
Senegal,Edouard Mendy,4.0
Senegal,Bara Sapoko Ndiaye,4.0
Senegal,Pathé Ciss,1.8
Senegal,Mory Diaw,0.9
Senegal,Idrissa Gueye,0.5
Senegal,Abdoulaye Seck,0.4
Turquía,Arda Güler,90.0
Turquía,Kenan Yıldız,75.0
Turquía,Can Uzun,45.0
Turquía,Ferdi Kadıoğlu,35.0
Turquía,Barış Alper Yılmaz,30.0
Turquía,Orkun Kökçü,25.0
Turquía,Kerem Aktürkoğlu,20.0
Turquía,Yunus Akgün,18.0
Turquía,Hakan Çalhanoğlu,16.0
Turquía,Uğurcan Çakır,15.0
Turquía,Ozan Kabak,15.0
Turquía,İsmail Yüksek,15.0
Turquía,Zeki Çelik,14.0
Turquía,Merih Demiral,12.0
Turquía,Mert Müldür,7.0
Turquía,Oğuz Aydın,7.0
Turquía,Abdülkerim Bardakcı,6.5
Turquía,Altay Bayındır,5.0
Turquía,Eren Elmalı,5.0
Turquía,Deniz Gül,5.0
Turquía,Çağlar Söyüncü,3.5
Turquía,Salih Özcan,3.5
Turquía,İrfan Can Kahveci,3.0
Turquía,Kaan Ayhan,1.5
Turquía,Samet Akaydin,1.2
Turquía,Mert Günok,0.5
Marruecos,Achraf Hakimi,80.0
Marruecos,Ayyoub Bouaddi,50.0
Marruecos,Ismael Saibari,40.0
Marruecos,Bilal El Khannouss,35.0
Marruecos,Brahim Díaz,35.0
Marruecos,Chemsdine Talbi,25.0
Marruecos,Neil El Aynaoui,23.0
Marruecos,Samir El Mourabet,22.0
Marruecos,Noussair Mazraoui,18.0
Marruecos,Zakaria El Ouahdi,17.0
Marruecos,Chadi Riad,15.0
Marruecos,Anass Salah-Eddine,12.0
Marruecos,Gessime Yassine,12.0
Marruecos,Sofyan Amrabat,10.0
Marruecos,Azzedine Ounahi,10.0
Marruecos,Ayoube Amaimouni-Echghouyab,10.0
Marruecos,Issa Diop,8.0
Marruecos,Soufiane Rahimi,6.0
Marruecos,Redouane Halhal,5.0
Marruecos,Ayoub El Kaabi,4.5
Marruecos,Amine Sbaï,4.0
Marruecos,Yassine Bounou,3.0
Marruecos,Youssef Belammari,1.2
Marruecos,Ahmed Reda Tagnaouti,1.0
Marruecos,Munir El Kajoui,0.6
Marruecos,Marwane Saadane,0.4
Suecia,Alexander Isak,85.0
Suecia,Viktor Gyökeres,65.0
Suecia,Lucas Bergvall,35.0
Suecia,Yasin Ayari,35.0
Suecia,Anthony Elanga,32.0
Suecia,Isak Hien,22.0
Suecia,Daniel Svensson,22.0
Suecia,Gabriel Gudmundsson,20.0
Suecia,Benjamin Nygren,14.0
Suecia,Viktor Johansson,12.0
Suecia,Gustaf Lagerbielke,10.0
Suecia,Mattias Svanberg,8.0
Suecia,Besfort Zeneli,6.0
Suecia,Victor Lindelöf,5.0
Suecia,Hjalmar Ekdal,5.0
Suecia,Eric Smith,5.0
Suecia,Elliot Stroud,5.0
Suecia,Carl Starfelt,4.5
Suecia,Jesper Karlström,4.0
Suecia,Alexander Bernhardsson,3.0
Suecia,Jacob Widell Zetterström,2.5
Suecia,Herman Johansson,1.8
Suecia,Gustaf Nilsson,1.8
Suecia,Taha Ali,1.5
Suecia,Ken Sema,0.8
Suecia,Kristoffer Nordfeldt,0.175
Croacia,Josko Gvardiol,70.0
Croacia,Luka Vuskovic,60.0
Croacia,Josip Stanisic,40.0
Croacia,Petar Sučić,40.0
Croacia,Martin Baturina,30.0
Croacia,Igor Matanovic,22.0
Croacia,Josip Sutalo,12.0
Croacia,Petar Musa,12.0
Croacia,Mateo Kovacic,10.0
Croacia,Luka Sucic,10.0
Croacia,Nikola Vlašić,10.0
Croacia,Toni Fruk,9.0
Croacia,Nikola Moro,7.0
Croacia,Marin Pongracic,6.5
Croacia,Marco Pašalić,6.5
Croacia,Kristijan Jakic,6.0
Croacia,Mario Pašalić,6.0
Croacia,Dominik Kotarski,5.0
Croacia,Ivor Pandur,4.5
Croacia,Dominik Livakovic,4.0
Croacia,Martin Erlić,4.0
Croacia,Luka Modrić,3.5
Croacia,Duje Caleta-Car,2.8
Croacia,Ante Budimir,2.8
Croacia,Andrej Kramaric,2.5
Croacia,Ivan Perišić,1.2
Estados Unidos,Christian Pulisic,40.0
Estados Unidos,Folarin Balogun,40.0
Estados Unidos,Weston McKennie,30.0
Estados Unidos,Malik Tillman,30.0
Estados Unidos,Ricardo Pepi,30.0
Estados Unidos,Chris Richards,28.0
Estados Unidos,Tyler Adams,25.0
Estados Unidos,Antonee Robinson,22.0
Estados Unidos,Brenden Aaronson,22.0
Estados Unidos,Timothy Weah,20.0
Estados Unidos,Sergiño Dest,18.0
Estados Unidos,Haji Wright,16.0
Estados Unidos,Álex Zendejas,10.0
Estados Unidos,Sebastian Berhalter,8.0
Estados Unidos,Mark McKenzie,7.0
Estados Unidos,Joe Scally,7.0
Estados Unidos,Auston Trusty,6.0
Estados Unidos,Max Arfsten,5.0
Estados Unidos,Giovanni Reyna,4.0
Estados Unidos,Miles Robinson,3.5
Estados Unidos,Alex Freeman,3.5
Estados Unidos,Cristian Roldán,3.5
Estados Unidos,Matt Turner,2.5
Estados Unidos,Chris Brady,2.5
Estados Unidos,Matt Freese,2.0
Estados Unidos,Tim Ream,0.15
Ecuador,Moisés Caicedo,100.0
Ecuador,Willian Pacho,80.0
Ecuador,Piero Hincapié,50.0
Ecuador,Joel Ordóñez,33.0
Ecuador,Nilson Angulo,17.0
Ecuador,Pervis Estupiñán,12.0
Ecuador,Gonzalo Plata,9.0
Ecuador,Kendry Páez,8.0
Ecuador,Denil Castillo,7.0
Ecuador,Jeremy Arévalo,7.0
Ecuador,Pedro Vite,6.0
Ecuador,Kevin Rodríguez,6.0
Ecuador,John Yeboah,5.5
Ecuador,Alan Franco,4.5
Ecuador,Yaimar Medina,4.0
Ecuador,Angelo Preciado,3.5
Ecuador,Alan Minda,3.0
Ecuador,Jackson Porozo,2.5
Ecuador,Jordy Alcívar,2.0
Ecuador,Jordy Caicedo,2.0
Ecuador,Gonzalo Valle,1.8
Ecuador,Anthony Valencia,1.8
Ecuador,Félix Torres,1.0
Ecuador,Enner Valencia,1.0
Ecuador,Moisés Ramírez,0.8
Ecuador,Hernán Galíndez,0.3
Uruguay,Federico Valverde,90.0
Uruguay,Maxi Araújo,35.0
Uruguay,Rodrigo Zalazar,30.0
Uruguay,Manuel Ugarte,25.0
Uruguay,Ronald Araujo,20.0
Uruguay,Rodrigo Bentancur,20.0
Uruguay,Darwin Núñez,20.0
Uruguay,Mathías Olivera,15.0
Uruguay,Giorgian de Arrascaeta,14.0
Uruguay,Joaquín Piquerez,12.0
Uruguay,Santiago Bueno,10.0
Uruguay,José María Giménez,9.0
Uruguay,Nicolás de la Cruz,8.0
Uruguay,Agustín Canobbio,8.0
Uruguay,Brian Rodríguez,8.0
Uruguay,Emiliano Martínez,6.5
Uruguay,Facundo Pellistri,5.0
Uruguay,Sebastián Cáceres,4.5
Uruguay,Juan Manuel Sanabria,4.0
Uruguay,Federico Viñas,4.0
Uruguay,Matías Viña,3.5
Uruguay,Rodrigo Aguirre,2.3
Uruguay,Santiago Mele,2.0
Uruguay,Sergio Rochet,1.8
Uruguay,Guillermo Varela,1.0
Uruguay,Fernando Muslera,0.7
Suiza,Johan Manzambi,50.0
Suiza,Gregor Kobel,40.0
Suiza,Dan Ndoye,32.0
Suiza,Denis Zakaria,25.0
Suiza,Ardon Jashari,25.0
Suiza,Noah Okafor,25.0
Suiza,Manuel Akanji,17.0
Suiza,Breel Embolo,15.0
Suiza,Fabian Rieder,12.0
Suiza,Rubén Vargas,12.0
Suiza,Aurèle Amenda,10.0
Suiza,Luca Jaquez,10.0
Suiza,Nico Elvedi,8.0
Suiza,Granit Xhaka,8.0
Suiza,Djibril Sow,7.5
Suiza,Zeki Amdouni,7.0
Suiza,Marvin Keller,6.0
Suiza,Miro Muheim,5.0
Suiza,Michel Aebischer,4.0
Suiza,Remo Freuler,3.0
Suiza,Yvon Mvogo,2.5
Suiza,Eray Cömert,2.5
Suiza,Christian Fassnacht,2.0
Suiza,Cedric Itten,1.8
Suiza,Ricardo Rodríguez,1.4
Suiza,Silvan Widmer,0.8
Colombia,Luis Díaz,70.0
Colombia,Luis Suárez,30.0
Colombia,Richard Ríos,25.0
Colombia,Jhon Lucumí,22.0
Colombia,Daniel Muñoz,22.0
Colombia,Cucho Hernández,18.0
Colombia,Davinson Sánchez,16.0
Colombia,Jhon Arias,15.0
Colombia,Jorge Carrascal,13.0
Colombia,Andrés Gómez,11.0
Colombia,Gustavo Puerta,10.0
Colombia,Jhon Córdoba,10.0
Colombia,Jefferson Lerma,6.0
Colombia,Willer Ditta,5.5
Colombia,Jáminton Campaz,5.5
Colombia,Kevin Castaño,5.0
Colombia,Juan Portilla,5.0
Colombia,Álvaro Montero,2.5
Colombia,Yerry Mina,2.5
Colombia,Deiver Machado,1.8
Colombia,Juan Fernando Quintero,1.8
Colombia,Johan Mojica,1.5
Colombia,James Rodríguez,1.5
Colombia,Santiago Arias,1.2
Colombia,Camilo Vargas,0.45
Colombia,David Ospina,0.1
Japón,Kaishu Sano,40.0
Japón,Yuito Suzuki,24.0
Japón,Zion Suzuki,20.0
Japón,Takefusa Kubo,20.0
Japón,Hiroki Ito,18.0
Japón,Ritsu Doan,17.0
Japón,Ayase Ueda,17.0
Japón,Ao Tanaka,13.0
Japón,Daizen Maeda,13.0
Japón,Tsuyoshi Watanabe,10.0
Japón,Daichi Kamada,10.0
Japón,Keito Nakamura,10.0
Japón,Keisuke Goto,10.0
Japón,Ko Itakura,8.0
Japón,Kento Shiogai,8.0
Japón,Yukinari Sugawara,5.5
Japón,Ayumu Seko,5.0
Japón,Takehiro Tomiyasu,5.0
Japón,Shuto Machino,4.0
Japón,Junnosuke Suzuki,3.5
Japón,Junya Ito,3.0
Japón,Keisuke Osako,2.0
Japón,Tomoki Hayakawa,2.0
Japón,Koki Ogawa,2.0
Japón,Shogo Taniguchi,0.75
Japón,Yuto Nagatomo,0.1
Argelia,Ibrahim Maza,45.0
Argelia,Rayan Aït-Nouri,40.0
Argelia,Amine Gouiri,28.0
Argelia,Anis Hadj Moussa,23.0
Argelia,Mohamed Amoura,20.0
Argelia,Farès Chaïbi,15.0
Argelia,Hicham Boudaoui,12.0
Argelia,Houssem Aouar,8.0
Argelia,Farès Ghedjemis,7.5
Argelia,Ramy Bensebaini,7.0
Argelia,Jaouen Hadjam,7.0
Argelia,Rafik Belghali,7.0
Argelia,Yassine Titraoui,7.0
Argelia,Ramiz Zerrouki,6.5
Argelia,Riyad Mahrez,5.0
Argelia,Nabil Bentaleb,4.5
Argelia,Samir Chergui,3.0
Argelia,Adil Boulbina,3.0
Argelia,Zineddine Belaid,1.8
Argelia,Mohamed Amine Tougai,1.3
Argelia,Nadhir Benbouali,1.2
Argelia,Luca Zidane,1.0
Argelia,Aïssa Mandi,1.0
Argelia,Achref Abada,1.0
Argelia,Oussama Benbout,0.85
Argelia,Melvin Mastil,0.25
Austria,Konrad Laimer,32.0
Austria,Nicolas Seiwald,25.0
Austria,Paul Wanner,22.0
Austria,David Affengruber,20.0
Austria,Kevin Danso,20.0
Austria,Carney Chukwuemeka,20.0
Austria,Romano Schmid,15.0
Austria,Patrick Wimmer,12.0
Austria,Philipp Lienhart,10.0
Austria,Marco Friedl,10.0
Austria,Xaver Schlager,10.0
Austria,Alexander Prass,9.0
Austria,Stefan Posch,6.0
Austria,Marcel Sabitzer,6.0
Austria,Sasa Kalajdzic,4.0
Austria,Michael Svoboda,3.5
Austria,David Alaba,3.0
Austria,Dejan Ljubicic,3.0
Austria,Florian Grillitsch,2.5
Austria,Florian Wiegele,2.2
Austria,Patrick Pentz,2.2
Austria,Alexander Schlager,2.0
Austria,Marko Arnautovic,2.0
Austria,Phillipp Mwene,1.5
Austria,Michael Gregoritsch,1.5
Austria,Alessandro Schöpf,0.8
Ghana,Antoine Semenyo,80.0
Ghana,Abdul Fatawu,20.0
Ghana,Kamaldeen Sulemana,17.0
Ghana,Brandon Thomas-Asante,16.0
Ghana,Christopher Bonsu Baah,14.0
Ghana,Kojo Peprah Oppong,10.0
Ghana,Caleb Yirenkyi,10.0
Ghana,Ernest Nuamah,10.0
Ghana,Iñaki Williams,8.0
Ghana,Alidu Seidu,6.0
Ghana,Jonas Adjetey,6.0
Ghana,Augustine Boakye,6.0
Ghana,Jerome Opoku,5.0
Ghana,Gideon Mensah,4.0
Ghana,Elisha Owusu,4.0
Ghana,Abdul Mumin,3.0
Ghana,Marvin Senaya,3.0
Ghana,Prince Adu,3.0
Ghana,Abdul Rahman Baba,2.0
Ghana,Thomas Partey,2.0
Ghana,Lawrence Ati Zigi,1.5
Ghana,Kwasi Sibo,1.4
Ghana,Derrick Luckassen,1.0
Ghana,Jordan Ayew,1.0
Ghana,Joseph Anang,0.35
Ghana,Benjamin Asare,0.1
Canadá,Alphonso Davies,40.0
Canadá,Jonathan David,30.0
Canadá,Ismaël Koné,25.0
Canadá,Promise David,17.0
Canadá,Tajon Buchanan,12.0
Canadá,Alistair Johnston,8.0
Canadá,Nathan-Dylan Saliba,7.5
Canadá,Moïse Bombito,7.0
Canadá,Tani Oluwaseyi,7.0
Canadá,Alfie Jones,6.0
Canadá,Stephen Eustaquio,6.0
Canadá,Ali Ahmed,5.0
Canadá,Niko Sigur,4.0
Canadá,Dayne St. Clair,3.5
Canadá,Liam Millar,3.0
Canadá,Derek Cornelius,2.5
Canadá,Jacob Shaffelburg,2.5
Canadá,Cyle Larin,2.5
Canadá,Joel Waterman,2.0
Canadá,Jayden Nelson,2.0
Canadá,Maxime Crépeau,1.8
Canadá,Luc De Fougerolles,1.0
Canadá,Richie Laryea,1.0
Canadá,Jonathan Osorio,1.0
Canadá,Mathieu Choinière,0.8
Canadá,Owen Goodman,0.55
México,Santiago Gimenez,18.0
México,Edson Álvarez,15.0
México,Armando González,15.0
México,Julián Quiñones,14.0
México,Johan Vásquez,12.0
México,Érik Lira,12.0
México,Obed Vargas,10.0
México,Gilberto Mora,10.0
México,Brian Gutiérrez,8.0
México,Alexis Vega,8.0
México,César Montes,7.5
México,Roberto Alvarado,7.5
México,Orbelín Pineda,7.0
México,Raúl Rangel,6.5
México,Israel Reyes,6.5
México,Luis Chávez,6.0
México,Álvaro Fidalgo,6.0
México,Mateo Chávez,4.0
México,César Huerta,3.5
México,Luis Romo,3.0
México,Raúl Jiménez,3.0
México,Carlos Acevedo,2.8
México,Jesús Gallardo,2.8
México,Jorge Sánchez,2.0
México,Guillermo Martínez,1.5
México,Guillermo Ochoa,0.25
Paraguay,Diego Gómez,25.0
Paraguay,Julio Enciso,25.0
Paraguay,Mauricio,15.0
Paraguay,Omar Alderete,13.0
Paraguay,Ramón Sosa,10.0
Paraguay,Isidro Pitta,7.5
Paraguay,Miguel Almirón,7.0
Paraguay,Orlando Gill,6.0
Paraguay,Damián Bobadilla,6.0
Paraguay,Juan José Cáceres,5.0
Paraguay,Andrés Cubas,4.5
Paraguay,Kaku,4.5
Paraguay,Gustavo Gómez,3.5
Paraguay,Braian Ojeda,3.5
Paraguay,Álex Arce,3.5
Paraguay,Matías Galarza,3.0
Paraguay,Alexandro Maidana,2.5
Paraguay,José Canale,2.2
Paraguay,Antonio Sanabria,1.8
Paraguay,Júnior Alonso,1.5
Paraguay,Gustavo Caballero,1.0
Paraguay,Fabián Balbuena,0.9
Paraguay,Gabriel Ávalos,0.75
Paraguay,Gastón Olveira,0.5
Paraguay,Gustavo Velázquez,0.4
Paraguay,Roberto Fernández,0.1
Bosnia y Herzegovina,Tarik Muharemović,25.0
Bosnia y Herzegovina,Kerim Alajbegovic,22.0
Bosnia y Herzegovina,Ermedin Demirovic,22.0
Bosnia y Herzegovina,Amar Dedić,16.0
Bosnia y Herzegovina,Esmir Bajraktarevic,8.0
Bosnia y Herzegovina,Ermin Mahmic,5.0
Bosnia y Herzegovina,Nikola Vasilj,4.5
Bosnia y Herzegovina,Benjamin Tahirović,4.5
Bosnia y Herzegovina,Amar Memić,4.5
Bosnia y Herzegovina,Sead Kolasinac,4.0
Bosnia y Herzegovina,Amir Hadziahmetovic,4.0
Bosnia y Herzegovina,Haris Tabakovic,3.5
Bosnia y Herzegovina,Stjepan Radeljic,2.8
Bosnia y Herzegovina,Armin Gigovic,2.5
Bosnia y Herzegovina,Jovo Lukić,2.2
Bosnia y Herzegovina,Martin Zlomislic,2.0
Bosnia y Herzegovina,Ivan Šunjić,2.0
Bosnia y Herzegovina,Nikola Katic,1.8
Bosnia y Herzegovina,Arjan Malic,1.8
Bosnia y Herzegovina,Ivan Basic,1.5
Bosnia y Herzegovina,Samed Bazdar,1.5
Bosnia y Herzegovina,Nihad Mujakic,1.2
Bosnia y Herzegovina,Dennis Hadzikadunic,1.2
Bosnia y Herzegovina,Dzenis Burnic,1.2
Bosnia y Herzegovina,Edin Dzeko,1.0
Bosnia y Herzegovina,Mladen Jurkas,0.7
RD Congo,Noah Sadiki,35.0
RD Congo,Yoane Wissa,25.0
RD Congo,Aaron Wan-Bissaka,15.0
RD Congo,Ngal'ayel Mukau,15.0
RD Congo,Simon Banza,10.0
RD Congo,Matthieu Epolo,8.0
RD Congo,Axel Tuanzebe,5.0
RD Congo,Edo Kayembe,4.0
RD Congo,Théo Bongonda,3.0
RD Congo,Steve Kapuadi,2.5
RD Congo,Charles Pickel,2.5
RD Congo,Chancel Mbemba,2.0
RD Congo,Joris Kayembe,2.0
RD Congo,Arthur Masuaku,2.0
RD Congo,Nathanaël Mbuku,2.0
RD Congo,Brian Cipenga,2.0
RD Congo,Fiston Mayele,1.8
RD Congo,Meschack Elia,1.5
RD Congo,Samuel Moutoussamy,1.2
RD Congo,Cédric Bakambu,1.2
RD Congo,Gédéon Kalulu,1.0
RD Congo,Timothy Fayulu,0.8
RD Congo,Dylan Batubinsika,0.6
RD Congo,Lionel Mpasi-Nzau,0.4
RD Congo,Gaël Kakuta,0.25
RD Congo,Aaron Tshibola,0.15
Corea del Sur,Kang-in Lee,28.0
Corea del Sur,Min-jae Kim,20.0
Corea del Sur,Heung-min Son,15.0
Corea del Sur,Hyeon-gyu Oh,15.0
Corea del Sur,Jens Castrop,10.0
Corea del Sur,In-beom Hwang,7.0
Corea del Sur,Young-woo Seol,6.5
Corea del Sur,Hee-chan Hwang,6.0
Corea del Sur,Hyun-jun Yang,5.0
Corea del Sur,Jun-ho Bae,4.0
Corea del Sur,Han-beom Lee,3.0
Corea del Sur,Gue-sung Cho,2.5
Corea del Sur,Tae-seok Lee,2.0
Corea del Sur,Seung-ho Paik,2.0
Corea del Sur,Jae-sung Lee,2.0
Corea del Sur,Ji-sung Eom,1.8
Corea del Sur,Dong-gyeong Lee,1.6
Corea del Sur,Tae-hyeon Kim,1.2
Corea del Sur,Jin-gyu Kim,1.2
Corea del Sur,Bum-keun Song,1.0
Corea del Sur,Jin-seob Park,1.0
Corea del Sur,Gi-hyuk Lee,0.8
Corea del Sur,Moon-hwan Kim,0.75
Corea del Sur,Hyeon-woo Jo,0.65
Corea del Sur,Wi-je Cho,0.55
Corea del Sur,Seung-gyu Kim,0.5
Egipto,Omar Marmoush,50.0
Egipto,Mohamed Salah,22.0
Egipto,Trezeguet,4.5
Egipto,Marwan Ateya,4.0
Egipto,Emam Ashour,4.0
Egipto,Haissem Hassan,3.5
Egipto,Zizo,3.5
Egipto,Mohanad Lasheen,3.0
Egipto,Mohamed Abdelmonem,2.5
Egipto,Ibrahim Adel,2.5
Egipto,Hossam Abdelmaguid,2.0
Egipto,Hamdy Fathy,1.8
Egipto,Mostafa Ziko,1.8
Egipto,Mohamed Hany,1.5
Egipto,Mahmoud Saber,1.5
Egipto,Hamza Abdelkarim,1.5
Egipto,Oufa Shobeir,1.2
Egipto,Mohamed Alaa,1.2
Egipto,Ahmed Fatouh,1.0
Egipto,Nabil Dunga,1.0
Egipto,Karim Hafez,0.7
Egipto,Ramy Rabia,0.6
Egipto,Mohamed El Shenawy,0.5
Egipto,Yasser Ibrahim,0.275
Egipto,Tarek Alaa,0.25
Egipto,El Mahdi Soliman,0.15
Uzbekistán,Abdukodir Khusanov,50.0
Uzbekistán,Abbosbek Fayzullaev,7.0
Uzbekistán,Eldor Shomurodov,7.0
Uzbekistán,Aziz Ganiev,2.0
Uzbekistán,Oston Urunov,2.0
Uzbekistán,Abduvokhid Nematov,1.5
Uzbekistán,Otabek Shukurov,1.5
Uzbekistán,Akmal Mozgovoy,1.4
Uzbekistán,Khozhiakbar Alizhonov,1.3
Uzbekistán,Sherzod Nasrullaev,1.2
Uzbekistán,Igor Sergeev,1.2
Uzbekistán,Odildzhon Khamrobekov,1.0
Uzbekistán,Jamshid Iskanderov,1.0
Uzbekistán,Jaloliddin Masharipov,1.0
Uzbekistán,Dostonbek Khamdamov,0.9
Uzbekistán,Rustam Ashurmatov,0.75
Uzbekistán,Jakhongir Urozov,0.6
Uzbekistán,Utkir Yusupov,0.5
Uzbekistán,Botirali Ergashev,0.5
Uzbekistán,Avazbek Ulmasaliev,0.5
Uzbekistán,Abdulla Abdullaev,0.5
Uzbekistán,Azizbek Amanov,0.5
Uzbekistán,Umar Eshmurodov,0.45
Uzbekistán,Sherzod Esanov,0.45
Uzbekistán,Bekhruz Karimov,0.35
Uzbekistán,Farrukh Sayfiev,0.225
Australia,Alessandro Circati,12.0
Australia,Jordan Bos,12.0
Australia,Cristian Volpato,10.0
Australia,Nestory Irankunda,8.0
Australia,Mohamed Touré,8.0
Australia,Lucas Herrington,4.5
Australia,Harry Souttar,3.5
Australia,Aiden O'Neill,3.0
Australia,Cammy Devlin,2.0
Australia,Mathew Ryan,1.8
Australia,Kai Trewin,1.8
Australia,Cameron Burgess,1.5
Australia,Connor Metcalfe,1.5
Australia,Paul Okon-Engstler,1.2
Australia,Patrick Beach,1.0
Australia,Jackson Irvine,1.0
Australia,Nishan Velupillay,0.65
Australia,Jacob Italiano,0.6
Australia,Ajdin Hrustic,0.6
Australia,Paul Izzo,0.5
Australia,Awer Mabil,0.5
Australia,Milos Degenek,0.45
Australia,Tete Yengi,0.45
Australia,Jason Geria,0.35
Australia,Mathew Leckie,0.3
Australia,Aziz Behich,0.25
Túnez,Hannibal,15.0
Túnez,Montassar Talbi,8.0
Túnez,Ellyes Skhiri,5.0
Túnez,Ismaël Gharbi,5.0
Túnez,Sebastian Tounekti,5.0
Túnez,Adem Arous,4.0
Túnez,Anis Ben Slimane,4.0
Túnez,Elias Achouri,3.0
Túnez,Ali Abdi,2.0
Túnez,Rani Khedira,2.0
Túnez,Mohamed Belhadj Mahmoud,2.0
Túnez,Elias Saad,2.0
Túnez,Yan Valery,1.5
Túnez,Mortadha Ben Ouanes,1.5
Túnez,Moutaz Neffati,1.2
Túnez,Firas Chaouat,1.2
Túnez,Mohamed Amine Ben Hamida,1.0
Túnez,Khalil Ayari,1.0
Túnez,Hazem Mastouri,0.9
Túnez,Abdelmouhib Chamakh,0.8
Túnez,Aymen Dahmen,0.8
Túnez,Rayan Elloumi,0.8
Túnez,Dylan Bronn,0.6
Túnez,Raed Chikhaoui,0.6
Túnez,Sabri Ben Hessen,0.55
Túnez,Omar Rekik,0.5
Haití,Wilson Isidor,18.0
Haití,Jean-Ricner Bellegarde,16.0
Haití,Danley Jean Jacques,3.0
Haití,Josué Casimir,3.0
Haití,Hannes Delcroix,2.0
Haití,Jean-Kévin Duverne,2.0
Haití,Lenny Joseph,2.0
Haití,Carlens Arcus,1.8
Haití,Frantzdy Pierrot,1.5
Haití,Louicius Deedson,1.2
Haití,Wilguens Paugain,0.8
Haití,Derrick Etienne Jr.,0.8
Haití,Duckens Nazon,0.8
Haití,Alexandre Pierre,0.7
Haití,Martin Expérience,0.35
Haití,Ricardo Adé,0.3
Haití,Ruben Providence,0.3
Haití,Yassin Fortuné,0.3
Haití,Leverton Pierre,0.2
Haití,Dominique Simon,0.2
Haití,Johny Placide,0.15
Haití,Duke Lacroix,0.125
Haití,Carl Sainté,0.125
Haití,Keeto Thermoncy,0.1
Haití,Woodensky Pierre,0.1
Haití,Josué Duverger,0.05
Arabia Saudita,Saud Abdulhamid,9.0
Arabia Saudita,Musab Al-Juwayr,6.0
Arabia Saudita,Firas Al-Buraikan,3.5
Arabia Saudita,Khalid Al-Ghannam,2.5
Arabia Saudita,Hassan Tambakti,1.8
Arabia Saudita,Mohammed Abu Al-Shamat,1.8
Arabia Saudita,Abdulelah Al-Amri,1.4
Arabia Saudita,Moteb Al-Harbi,1.4
Arabia Saudita,Ali Majrashi,1.4
Arabia Saudita,Nawaf Boushal,1.4
Arabia Saudita,Jehad Thakri,1.2
Arabia Saudita,Ayman Yahya,1.2
Arabia Saudita,Salem Al-Dawsari,1.2
Arabia Saudita,Nasser Al-Dawsari,0.9
Arabia Saudita,Ziyad Al-Johani,0.8
Arabia Saudita,Mohamed Kanno,0.8
Arabia Saudita,Ali Lajami,0.75
Arabia Saudita,Abdullah Al-Khaibari,0.75
Arabia Saudita,Nawaf Al-Aqidi,0.65
Arabia Saudita,Saleh Al-Shehri,0.5
Arabia Saudita,Sultan Mandash,0.35
Arabia Saudita,Abdullah Al-Hamdan,0.35
Arabia Saudita,Alaa Hejji,0.3
Arabia Saudita,Mohammed Al-Owais,0.275
Arabia Saudita,Hassan Kadesh,0.275
Arabia Saudita,Ahmed Al-Kassar,0.175
Panamá,Amir Murillo,7.0
Panamá,José Córdoba,5.0
Panamá,Adalberto Carrasquilla,4.0
Panamá,Andrés Andrade,2.5
Panamá,César Blackman,2.5
Panamá,José Luis Rodríguez,2.5
Panamá,Ismael Díaz,1.8
Panamá,Tomás Rodríguez,1.0
Panamá,Azarías Londoño,1.0
Panamá,Edgardo Fariña,0.9
Panamá,Jorge Gutiérrez,0.8
Panamá,Cristian Martínez,0.8
Panamá,Orlando Mosquera,0.7
Panamá,Yoel Bárcenas,0.65
Panamá,Carlos Harvey,0.6
Panamá,José Fajardo,0.55
Panamá,Jiovany Ramos,0.45
Panamá,César Yanis,0.4
Panamá,Fidel Escobar,0.35
Panamá,César Samudio,0.25
Panamá,Cecilio Waterman,0.25
Panamá,Roderick Miller,0.175
Panamá,Luis Mejía,0.15
Panamá,Aníbal Godoy,0.1
Panamá,Alberto Quintero,0.075
Panamá,Éric Davis,0.05
Nueva Zelanda,Chris Wood,5.0
Nueva Zelanda,Tyler Bindon,3.5
Nueva Zelanda,Joe Bell,3.5
Nueva Zelanda,Marko Stamenić,3.0
Nueva Zelanda,Liberato Cacace,2.5
Nueva Zelanda,Callum McCowatt,2.5
Nueva Zelanda,Elijah Just,2.5
Nueva Zelanda,Finn Surman,1.8
Nueva Zelanda,Ben Old,1.8
Nueva Zelanda,Max Crocombe,1.0
Nueva Zelanda,Jesse Randall,0.9
Nueva Zelanda,Ryan Thomas,0.65
Nueva Zelanda,Francis de Vries,0.6
Nueva Zelanda,Alex Rufer,0.6
Nueva Zelanda,Lachlan Bayliss,0.55
Nueva Zelanda,Alex Paulsen,0.5
Nueva Zelanda,Sarpreet Singh,0.5
Nueva Zelanda,Callan Elliot,0.45
Nueva Zelanda,Matthew Garbett,0.45
Nueva Zelanda,Michael Woud,0.4
Nueva Zelanda,Nando Pijnaker,0.4
Nueva Zelanda,Ben Waine,0.4
Nueva Zelanda,Tim Payne,0.35
Nueva Zelanda,Kosta Barbarouses,0.3
Nueva Zelanda,Michael Boxall,0.15
Nueva Zelanda,Tommy Smith,0.05
Curazao,Armando Obispo,4.0
Curazao,Tahith Chong,3.5
Curazao,Sontje Hansen,3.5
Curazao,Juninho Bacuna,1.7
Curazao,Riechedly Bazoer,1.5
Curazao,Deveron Fonville,1.5
Curazao,Shurandy Sambo,1.3
Curazao,Joshua Brenet,1.0
Curazao,Jearl Margaritha,1.0
Curazao,Sherel Floranus,0.8
Curazao,Jeremy Antonisse,0.8
Curazao,Tyrese Noslin,0.75
Curazao,Ar'jany Martha,0.7
Curazao,Kenji Gorré,0.6
Curazao,Livano Comenencia,0.5
Curazao,Kevin Felida,0.4
Curazao,Roshon van Eijma,0.375
Curazao,Juriën Gaari,0.35
Curazao,Godfried Roemeratoe,0.35
Curazao,Leandro Bacuna,0.25
Curazao,Brandley Kuwas,0.25
Curazao,Gervane Kastaneer,0.225
Curazao,Jürgen Locadia,0.2
Curazao,Eloy Room,0.15
Curazao,Trevor Doornbusch,0.05
Curazao,Tyrick Bodak,0.025
Jordania,Mousa Tamari,10.0
Jordania,Yazan Al-Arab,1.0
Jordania,Ali Olwan,0.8
Jordania,Shararh,0.7
Jordania,Nizar Al-Rashdan,0.6
Jordania,Mohannad Abu Taha,0.55
Jordania,Amer Jamous,0.5
Jordania,Noor Al-Rawabdeh,0.5
Jordania,Ibrahim Saadeh,0.5
Jordania,Saed Al-Rousan,0.45
Jordania,Abdallah Nasib,0.4
Jordania,Mohammad Abu Hasheesh,0.4
Jordania,Husam Abu Dahab,0.35
Jordania,Mohammad Abualnadi,0.35
Jordania,Odeh Fakhoury,0.35
Jordania,Mahmoud Al-Mardi,0.35
Jordania,Rajaei Ayed,0.325
Jordania,Ali Azaizeh,0.325
Jordania,Yazeed Abulaila,0.3
Jordania,Mohammad Abu Ghoush,0.3
Jordania,Ehsan Haddad,0.3
Jordania,Noor Bane Ataya,0.25
Jordania,Abdallah Al-Fakhouri,0.25
Jordania,Anas Badawi,0.2
Jordania,Mohammad Al-Dawoud,0.15
Jordania,Saleem Obaid,0.1
